term,OLS Base,OLS Interaction,Tobit Base,Tobit Interaction
(Intercept),81988.817,85438.023,81231.216,82500.523
cgpa,4339.221,4323.645,4940.32,5079.499
aptitude_score,7.626,4.496,7.999,5.046
college_tierTier 2,-12004.744,-15520.565,-14869.408,-17189.112
college_tierTier 3,-27526.38,-32840.971,-30971.88,-34510.345
countryGermany,-3584.337,-3686.446,-3866.026,-4441.503
countryIndia,-45843.589,-52756.261,-46328.293,-54505.689
countryUK,3397.799,2179.56,3855.197,3644.361
countryUSA,14067.556,7385.867,18155.378,19656.475
