"observation","fitted","residual","std_residual","studentized_residual","leverage","cooks_distance","high_cooks_sensitive","high_cooks_class","high_leverage","outlier_studentized"
18,86225.1060539274,11778.1224238503,2.28091909997322,2.28170214281479,0.00483528067804866,0.000902793556176462,TRUE,FALSE,FALSE,FALSE
67,84226.3141070384,-13088.055514673,-2.5342049976229,-2.53532763683077,0.00452724733373233,0.0010431104566959,TRUE,FALSE,FALSE,FALSE
98,47953.2656782791,-16233.4258051333,-3.14389119338379,-3.14617409002544,0.00494301423648068,0.00175356105363305,TRUE,FALSE,FALSE,TRUE
101,100862.928688793,14833.372216916,2.87246663765585,2.87416870784407,0.00474948861352267,0.00140626250250276,TRUE,FALSE,FALSE,FALSE
130,71254.6134844785,-12718.30706097,-2.46348367685379,-2.46450380618875,0.00523192125707663,0.00113993661873537,TRUE,FALSE,FALSE,FALSE
146,109288.021924577,10711.9780754226,2.07394378038689,2.07450300322338,0.00434702054246012,0.000670686589381235,TRUE,FALSE,FALSE,FALSE
184,81821.9772169981,13317.5635157513,2.57861446034114,2.57980464081941,0.00450442826605796,0.0010745215720263,TRUE,FALSE,FALSE,FALSE
187,131913.45581634,-11913.4558163402,-2.30724276749576,-2.30805762273594,0.0049348026847754,0.000942859129542045,TRUE,FALSE,FALSE,FALSE
198,93965.5677661356,11684.6771177222,2.26284246588317,2.26360411273455,0.00485263392094503,0.000891745119744909,TRUE,FALSE,FALSE,FALSE
260,38727.0599405192,13534.155518457,2.62047578022485,2.62173191241866,0.00444643585388979,0.00109534181854562,TRUE,FALSE,FALSE,FALSE
275,107324.402156128,10534.0635914091,2.04000685552182,2.04053365509387,0.00484386606520753,0.000723446007806211,TRUE,FALSE,FALSE,FALSE
276,38272.4871273433,11968.1055619892,2.31747396440445,2.31830139541459,0.00463193878138758,0.000892587510731343,TRUE,FALSE,FALSE,FALSE
316,109450.128919862,10549.8710801379,2.04316353381947,2.04369330035866,0.00493682526584856,0.000739682472895527,TRUE,FALSE,FALSE,FALSE
317,69369.1590926048,-10266.4520205627,-1.98834981246348,-1.98882946512586,0.00501213308539897,0.00071126651461322,TRUE,FALSE,FALSE,FALSE
401,69860.0716713539,10790.181919232,2.09028788085111,2.09086313571407,0.00549279241798019,0.000861865359073129,TRUE,FALSE,FALSE,FALSE
412,50235.4311189483,-12037.930431955,-2.33038492624032,-2.33122839687766,0.00411098960913364,0.000800631610071588,TRUE,FALSE,FALSE,FALSE
467,110178.785850774,-11522.8252349997,-2.23171680615745,-2.23244246058547,0.00504740569570929,0.000902372727732974,TRUE,FALSE,FALSE,FALSE
501,69956.4673137135,11380.8841486067,2.20406570108924,2.20476027138925,0.00490272048209037,0.000854796304397435,TRUE,FALSE,FALSE,FALSE
504,107143.522583552,12805.6583559072,2.47979667426649,2.4808399060274,0.00474519691886201,0.00104711425675724,TRUE,FALSE,FALSE,FALSE
525,109517.499063326,10482.500936674,2.02961783345634,2.03013493870582,0.00444814507484852,0.000657333197846213,TRUE,FALSE,FALSE,FALSE
530,102554.90973155,10911.3513580572,2.11287834268291,2.11347620813169,0.00466172471994312,0.000746735625259298,TRUE,FALSE,FALSE,FALSE
535,104839.33407589,-10839.0131997192,-2.09881868217814,-2.09940241363263,0.00461233584653937,0.000728988168789644,TRUE,FALSE,FALSE,FALSE
570,103934.636996022,13381.7903099276,2.59019005176646,2.59139824585652,0.00384301390111989,0.000924377574930967,TRUE,FALSE,FALSE,FALSE
594,107993.694727854,-10602.6306348873,-2.05373509365409,-2.05427486924369,0.0052796056798521,0.000799523590497065,TRUE,FALSE,FALSE,FALSE
606,85894.7387385373,-14807.757476097,-2.86726026215571,-2.86895223924729,0.00457862863978468,0.00135053131926957,TRUE,FALSE,FALSE,FALSE
611,132004.644550485,-12004.6445504848,-2.32456369064107,-2.32539990586399,0.00464427770191144,0.000900460633779058,TRUE,FALSE,FALSE,FALSE
626,68623.6797820484,10827.7938304036,2.09671380885646,2.09729544186091,0.0046765153072358,0.000737697630312582,TRUE,FALSE,FALSE,FALSE
634,90610.06833903,13583.2046134281,2.63004181414212,2.63131333270624,0.00449880499861085,0.00111640727651715,TRUE,FALSE,FALSE,FALSE
637,44516.5955514956,18909.3692540734,3.66062786308867,3.66433961648856,0.00412339586882676,0.0019815390370002,TRUE,FALSE,FALSE,TRUE
646,109003.093244613,10996.9067553867,2.12983748391405,2.13045267096728,0.00502822833124376,0.000818727036236132,TRUE,FALSE,FALSE,FALSE
669,51612.168325522,-10946.9777306607,-2.12052019662397,-2.12112583020363,0.00535924719861887,0.000865295281163698,TRUE,FALSE,FALSE,FALSE
679,130214.747625657,-10214.7476256572,-1.97816166340795,-1.9786323268708,0.00483675725760207,0.000679243507770695,TRUE,FALSE,FALSE,FALSE
689,85525.0706692735,-10570.6779979898,-2.04751571381701,-2.04804958735906,0.0052503228935655,0.000790257565048645,TRUE,FALSE,FALSE,FALSE
737,105943.572411243,-9448.10108023757,-1.83040042756474,-1.83075177873829,0.00560381093287816,0.000674307839363048,TRUE,FALSE,FALSE,FALSE
802,70621.8043462091,-11695.8617311715,-2.2652131886413,-2.26597762080584,0.00503250172132405,0.000926904881952834,TRUE,FALSE,FALSE,FALSE
804,94760.2794512818,11798.3998798026,2.28372787254806,2.28451427269015,0.00386058456644875,0.000721877688414396,TRUE,FALSE,FALSE,FALSE
815,66326.9840676171,11486.0443186067,2.22427613380573,2.2249933418488,0.00476376881639607,0.000845753632600824,TRUE,FALSE,FALSE,FALSE
846,95812.3764658464,12117.7574677164,2.34670431653525,2.34756833413506,0.00484581391324018,0.000957712313708948,TRUE,FALSE,FALSE,FALSE
864,59908.0066499784,-9814.50241144703,-1.9010503651598,-1.90145622103768,0.00525461538486635,0.000681801911935138,TRUE,FALSE,FALSE,FALSE
879,105052.401559547,14696.5571083433,2.84498801537166,2.84663724570702,0.00406054606339492,0.00117856721404798,TRUE,FALSE,FALSE,FALSE
880,84829.8383840906,13612.55817082,2.63669656093408,2.63797885293606,0.00523201823065268,0.00130589940613646,TRUE,FALSE,FALSE,FALSE
897,98863.8452154775,11605.6415291782,2.246336227545,2.24707865421474,0.00378887268718827,0.000685409493041803,TRUE,FALSE,FALSE,FALSE
905,88364.6155291028,-14095.8960683465,-2.72976135602176,-2.73120038669073,0.00482691519400073,0.00129081016952306,TRUE,FALSE,FALSE,FALSE
941,90931.6615360641,11427.6338191624,2.21265384471527,2.21335798039556,0.0044839083517286,0.000787548602068982,TRUE,FALSE,FALSE,FALSE
943,101282.53432914,-10457.2141877553,-2.02526615699467,-2.02577923352518,0.00498322547915906,0.000733645597533265,TRUE,FALSE,FALSE,FALSE
946,103341.175689734,12466.290807142,2.41398696465995,2.4149389578776,0.00466959110621699,0.000976390151906969,TRUE,FALSE,FALSE,FALSE
969,88373.9277114363,-11296.649837484,-2.1872765762768,-2.1879526771605,0.00446957656948399,0.000767116312350768,TRUE,FALSE,FALSE,FALSE
971,97145.6305293023,-15401.4166297262,-2.98301382897609,-2.98493934878194,0.00511378891645966,0.00163351034032302,TRUE,FALSE,FALSE,FALSE
975,130603.010303178,-10603.0103031777,-2.05363513409982,-2.05417481452227,0.00511152054286018,0.000773863296092349,TRUE,FALSE,FALSE,FALSE
984,131839.612114145,-11839.6121141454,-2.2927393228924,-2.29353655408929,0.00475914417268257,0.000897742929505707,TRUE,FALSE,FALSE,FALSE
1029,52119.148949722,10991.9703253658,2.12863337458305,2.12924732190757,0.00479633473346305,0.000779904130993939,TRUE,FALSE,FALSE,FALSE
1043,85306.8142102566,-12608.9235747631,-2.44119744216791,-2.4421865295956,0.00433596768435601,0.000926874638732445,TRUE,FALSE,FALSE,FALSE
1047,130031.561066838,-10031.5610668383,-1.94316003240725,-1.94360057746146,0.00532200401695035,0.000721525682535362,TRUE,FALSE,FALSE,FALSE
1075,102705.682903022,-13052.6057516158,-2.52749485595405,-2.52860750436196,0.00464847347372935,0.00106550722660287,TRUE,FALSE,FALSE,FALSE
1088,109582.976507904,10045.1087230511,1.94540275867595,1.94584519832669,0.00493182823829959,0.000669909491785318,TRUE,FALSE,FALSE,FALSE
1096,102218.844774363,-10987.88404719,-2.12730615683491,-2.12791873943499,0.00429486241645405,0.00069714075228626,TRUE,FALSE,FALSE,FALSE
1121,89109.6111614493,-12915.743967248,-2.50068650434208,-2.50175979363601,0.00440441867698039,0.000988020838491744,TRUE,FALSE,FALSE,FALSE
1140,58107.0853151453,-16438.2509800344,-3.18153089553774,-3.18390310569682,0.00367384679256542,0.00133301111104195,TRUE,FALSE,FALSE,TRUE
1148,71413.0796080722,12135.2952843627,2.34993450427605,2.35080262515311,0.00470508087676151,0.000932328136339121,TRUE,FALSE,FALSE,FALSE
1168,107109.689099161,12890.310900839,2.49593329169486,2.49699969485599,0.00454084921050868,0.00101489602972061,TRUE,FALSE,FALSE,FALSE
1187,105136.049137583,11522.3010488934,2.23055771349456,2.23128204818009,0.0041037126927742,0.000732203384833141,TRUE,FALSE,FALSE,FALSE
1188,132532.28488736,-12532.2848873601,-2.42623187616589,-2.42720045286741,0.00423119750530911,0.000893328849394562,TRUE,FALSE,FALSE,FALSE
1212,103066.889376432,11608.5332959946,2.24722924279695,2.24797270160543,0.00408435684046586,0.000739669733555426,TRUE,FALSE,FALSE,FALSE
1229,99151.2213788708,-11348.7151989194,-2.19694542226342,-2.19763212257581,0.00409602669014812,0.000708966668451765,TRUE,FALSE,FALSE,FALSE
1262,41869.0916396852,14824.4922626003,2.8693104558445,2.87100640288582,0.00375264769468566,0.0011075610242943,TRUE,FALSE,FALSE,FALSE
1267,56204.3973614409,15780.7562910003,3.05625556360525,3.05833895462783,0.00496376043997268,0.0016641528691039,TRUE,FALSE,FALSE,TRUE
1270,90970.68689588,-11093.6401488747,-2.14768440647435,-2.14831814651078,0.00420526134425904,0.000695674460982685,TRUE,FALSE,FALSE,FALSE
1308,58022.2936384731,12365.3663816299,2.39357162285689,2.39449636188391,0.00394406058538712,0.000810204538411456,TRUE,FALSE,FALSE,FALSE
1313,98614.5015383612,11502.5450603357,2.22666396318478,2.22738387521157,0.00404175301248006,0.000718588012717389,TRUE,FALSE,FALSE,FALSE
1322,76632.6302574091,13274.7699530352,2.57060549390884,2.57178331041638,0.00471891374218282,0.00111894597711011,TRUE,FALSE,FALSE,FALSE
1327,103420.47882257,-17388.4908308704,-3.36684778882771,-3.36969255676146,0.00450422292426388,0.00183176344948514,TRUE,FALSE,FALSE,TRUE
1332,72992.5625834504,-12792.6382188358,-2.47730936926541,-2.47834905762942,0.00477253582862286,0.00105106434576465,TRUE,FALSE,FALSE,FALSE
1361,110432.991178794,9567.0088212062,1.85324329600579,1.85361177137242,0.00539627870461721,0.000665504714194359,TRUE,FALSE,FALSE,FALSE
1413,96285.7421084705,-12759.6678772151,-2.46977446842644,-2.4708034685194,0.00384537995409449,0.000840947854014697,TRUE,FALSE,FALSE,FALSE
1417,36124.4674200653,11404.0427643521,2.20812097607916,2.20882005313997,0.00451538095788021,0.000789855302949503,TRUE,FALSE,FALSE,FALSE
1429,86238.5945122472,-14063.4729391915,-2.72304130667878,-2.72446863523673,0.00450447625591142,0.0011982720179222,TRUE,FALSE,FALSE,FALSE
1431,131371.72007208,-11371.7200720797,-2.20227726607096,-2.20296985447805,0.00489035352141146,0.000851246381588794,TRUE,FALSE,FALSE,FALSE
1440,103726.810157935,10775.5035164711,2.0864344400329,2.08700589043124,0.00452979297886121,0.000707459433361902,TRUE,FALSE,FALSE,FALSE
1456,102455.360323291,13128.9804956884,2.54243892567953,2.54357390104504,0.00476978059277605,0.00110641454023787,TRUE,FALSE,FALSE,FALSE
1462,56320.8977945782,-10991.7711828628,-2.12900581433071,-2.12962014495051,0.0051805456065076,0.000842998681528223,TRUE,FALSE,FALSE,FALSE
1475,102676.8644552,-11420.4668763855,-2.21152544380207,-2.21222831811848,0.00471732822896111,0.000827895461224664,TRUE,FALSE,FALSE,FALSE
1483,104311.784533067,-10588.23913516,-2.04995365696256,-2.05048983941947,0.00431491221825925,0.000650399227908596,TRUE,FALSE,FALSE,FALSE
1484,90473.9475663825,-10208.3882337214,-1.97689881289206,-1.97736836914441,0.00480523727552271,0.000673934369794309,TRUE,FALSE,FALSE,FALSE
1537,102816.388478182,10809.7703771738,2.09285646314212,2.09343426239818,0.00432716897074536,0.000679842097149083,TRUE,FALSE,FALSE,FALSE
1544,109272.769820485,10727.2301795147,2.07714504344422,2.07770738494619,0.00458505137423198,0.000709766771672329,TRUE,FALSE,FALSE,FALSE
1548,103432.372924064,12107.9207251135,2.34415832063385,2.34501911254972,0.0043014735788894,0.000847823096855173,TRUE,FALSE,FALSE,FALSE
1551,132813.446879159,-12813.4468791588,-2.48064509508401,-2.48168953722165,0.0042156802246226,0.000930408382799624,TRUE,FALSE,FALSE,FALSE
1555,90053.9504679972,-13087.0282538022,-2.53413609407843,-2.53525863041063,0.00462938103083805,0.0010666942364587,TRUE,FALSE,FALSE,FALSE
1602,36370.4692532622,-12049.9395442231,-2.33352824002638,-2.33437564450604,0.00480950255359041,0.000939857539890017,TRUE,FALSE,FALSE,FALSE
1609,88469.8823093767,-12377.2016835681,-2.39669865115545,-2.39762753285492,0.00463886537453655,0.000956092522146819,TRUE,FALSE,FALSE,FALSE
1641,56631.215473871,17801.1169767725,3.44756494422894,3.45063314134799,0.00497910090127926,0.00212415207182335,TRUE,FALSE,FALSE,TRUE
1663,102943.121135146,-13474.8570318397,-2.60886626632573,-2.61010388349385,0.00434861051634036,0.00106166820367268,TRUE,FALSE,FALSE,FALSE
1670,134080.672839549,-14080.6728395486,-2.72668691904969,-2.72812058847178,0.00473467627155821,0.00126317620172624,TRUE,FALSE,FALSE,FALSE
1702,43213.8758152268,13286.4675045569,2.57135979592543,2.57253877344091,0.00354895411230808,0.000841031154715622,TRUE,FALSE,FALSE,FALSE
1705,78634.5997787702,-12216.9420451435,-2.36552233934947,-2.36641043078369,0.00451773710914928,0.000906950334268566,TRUE,FALSE,FALSE,FALSE
1748,78007.5204777514,-10554.7480493782,-2.04367691682854,-2.04420716684116,0.00451695203668025,0.000676827596653672,TRUE,FALSE,FALSE,FALSE
1770,81841.8921740679,-13196.2619490547,-2.55544491600434,-2.5565995496318,0.00475176911575911,0.00111352233562822,TRUE,FALSE,FALSE,FALSE
1778,89099.1701485939,-15138.136048411,-2.93093168496794,-2.93274973933471,0.00437447372664639,0.00134797907379868,TRUE,FALSE,FALSE,FALSE
1828,108595.37735895,11404.6226410503,2.20788246565305,2.20858127715645,0.00419902941289822,0.000734125384094001,TRUE,FALSE,FALSE,FALSE
1838,70846.2191284601,-10669.1437159356,-2.06579806921689,-2.06634940350064,0.00448913881920137,0.000687281629721186,TRUE,FALSE,FALSE,FALSE
1876,96931.4595983403,-16798.177537428,-3.25170925995308,-3.25425393285806,0.00399039880197101,0.00151292765225156,TRUE,FALSE,FALSE,TRUE
1898,109061.286382858,10938.7136171423,2.11798534259395,2.11858839270895,0.00448178503038188,0.000721256400534145,TRUE,FALSE,FALSE,FALSE
1908,106380.78120208,-10007.4512536619,-1.93841643832112,-1.93885299189797,0.0052466622758717,0.000707789053507235,TRUE,FALSE,FALSE,FALSE
1924,101923.316766875,12688.503964236,2.45595276449069,2.4569623372889,0.00380713594360644,0.000823259870415664,TRUE,FALSE,FALSE,FALSE
1938,72141.2139083146,-12386.8268790085,-2.39898746748782,-2.39991938869181,0.00499151589034164,0.00103110668180059,TRUE,FALSE,FALSE,FALSE
1944,75513.8432206732,-13691.0319289448,-2.65094269910492,-2.65224824731124,0.00451598157633169,0.00113857205096065,TRUE,FALSE,FALSE,FALSE
1947,106413.675895987,13586.3241040127,2.63129492628865,2.63256846915273,0.0049898957605242,0.00124006659201089,TRUE,FALSE,FALSE,FALSE
1964,104055.29215771,11001.0508516879,2.12968224830446,2.13029727544493,0.00413302825017477,0.000672262111391696,TRUE,FALSE,FALSE,FALSE
1966,109465.512121705,10534.487878295,2.03962292824065,2.04014936763934,0.00438898867282917,0.000654962610373373,TRUE,FALSE,FALSE,FALSE
1968,105629.260347684,-12814.8645105454,-2.48129407495046,-2.48233944352955,0.00451626822335389,0.000997571436475426,TRUE,FALSE,FALSE,FALSE
1975,49395.587415571,-10574.0511028336,-2.04769479725971,-2.04822884020394,0.00478946942047281,0.000720683973447317,TRUE,FALSE,FALSE,FALSE
1983,105361.944736315,12413.4249301794,2.40300843514472,2.40394571106058,0.00405521851490638,0.000839714320971382,TRUE,FALSE,FALSE,FALSE
1984,107612.341774636,12387.6582253641,2.39769956481594,2.39862977495102,0.00378860044966661,0.000780834146328315,TRUE,FALSE,FALSE,FALSE
1985,91699.4169519889,-13817.2412598643,-2.67590205420085,-2.67724898539265,0.00490427107637835,0.0012603524197242,TRUE,FALSE,FALSE,FALSE
2003,81582.948727767,-12178.8752102083,-2.35780713189855,-2.35868530374657,0.00422684595592261,0.000842780599471114,TRUE,FALSE,FALSE,FALSE
2005,101464.999184275,12380.5192329215,2.39690710435985,2.39783626262601,0.00427842000545416,0.000881637127036322,TRUE,FALSE,FALSE,FALSE
2023,102149.012278401,13717.7389729515,2.65516267774661,2.65647516555324,0.00380259462330872,0.000961078499723355,TRUE,FALSE,FALSE,FALSE
2056,46412.3710732371,9182.95048703858,1.77919259816845,1.77950725447899,0.0057830440038061,0.000657602152760379,TRUE,FALSE,FALSE,FALSE
2086,83638.6069023402,-10173.8323148749,-1.97023073173856,-1.97069446733606,0.00482930381275018,0.000672764543741874,TRUE,FALSE,FALSE,FALSE
2098,51423.5658176465,12493.5999470556,2.41846775437608,2.41942579533854,0.00400491596530985,0.00083996034665514,TRUE,FALSE,FALSE,FALSE
2099,96894.3678327578,14075.1855468121,2.72429644329424,2.72572595292074,0.00376421629753766,0.00100152807748104,TRUE,FALSE,FALSE,FALSE
2117,133698.269680739,-13698.2696807387,-2.65349837397494,-2.65480812212352,0.00538185274343178,0.00136067702571046,TRUE,FALSE,FALSE,FALSE
2135,74918.3192425614,-13421.8373856523,-2.59889803687301,-2.60011989438415,0.0045760862286426,0.00110893624987873,TRUE,FALSE,FALSE,FALSE
2160,102491.486503713,-10364.1502963255,-2.00719950043089,-2.00769605186274,0.00494077410563601,0.000714445518845892,TRUE,FALSE,FALSE,FALSE
2164,91260.7904669129,-10756.9344852304,-2.08278045595224,-2.08334831284866,0.0044738642010391,0.000696240187517938,TRUE,FALSE,FALSE,FALSE
2210,60271.642671241,-11742.1316699887,-2.27462592157936,-2.27540147428686,0.00542730837641715,0.00100834675478714,TRUE,FALSE,FALSE,FALSE
2215,74768.1196400219,-10172.6411278264,-1.96998766260725,-1.9704511868392,0.00481678799843372,0.000670846984956986,TRUE,FALSE,FALSE,FALSE
2223,108389.601945582,10867.167324952,2.10379776839499,2.10438648191037,0.0041651183416637,0.000661134711835384,TRUE,FALSE,FALSE,FALSE
2236,49779.2155841542,-19119.8048394699,-3.70162932902861,-3.70547416781197,0.00426525527046342,0.00209618298075474,TRUE,FALSE,FALSE,TRUE
2251,98798.3213159378,-14602.9247730561,-2.82673202893357,-2.82834673826467,0.00396861606911191,0.00113704410773156,TRUE,FALSE,FALSE,FALSE
2257,67479.2568636596,11139.7101482627,2.15720723796723,2.15785101473275,0.00476268588081581,0.000795336648035969,TRUE,FALSE,FALSE,FALSE
2275,72016.0051614668,11635.1626644439,2.25351084097865,2.25426158487201,0.0050798612797191,0.000926029672855095,TRUE,FALSE,FALSE,FALSE
2283,86872.7475160893,12960.7640590552,2.50972098072968,2.51080743507921,0.00465661772201754,0.00105242342130085,TRUE,FALSE,FALSE,FALSE
2316,115380.63007933,-11553.9847160751,-2.23758853636525,-2.23832089896617,0.00490228916311549,0.000880918281576509,TRUE,FALSE,FALSE,FALSE
2335,91711.5748855793,10397.622880619,2.01332506231394,2.01382718048023,0.00458786648147237,0.000667233139485387,TRUE,FALSE,FALSE,FALSE
2346,94244.2306325613,11224.9634133661,2.17296481913536,2.17362541487444,0.00407396705606119,0.000689823184739193,TRUE,FALSE,FALSE,FALSE
2417,85059.7151121309,-10835.319064329,-2.0978855576373,-2.0984683582521,0.0044056371402525,0.000695555598763022,TRUE,FALSE,FALSE,FALSE
2488,100645.796544023,-12562.479782511,-2.43146112150666,-2.43243683462828,0.00372622429455779,0.00078970869956102,TRUE,FALSE,FALSE,FALSE
2490,62864.0312344943,11066.4248960613,2.1433421771345,2.14397137236259,0.00506600969239097,0.00083540435954222,TRUE,FALSE,FALSE,FALSE
2506,53149.0350963823,13791.3835650921,2.67065990576261,2.67199807772329,0.00472955426278044,0.00121048174999723,TRUE,FALSE,FALSE,FALSE
2542,89451.6392940271,10441.5296170533,2.02193334344519,2.02244334723026,0.00469270440809351,0.000688401247456231,TRUE,FALSE,FALSE,FALSE
2553,103836.032108948,-10897.1903835498,-2.10987848446427,-2.11047331704351,0.00441854880195864,0.000705601856747137,TRUE,FALSE,FALSE,FALSE
2562,81919.1163912081,-14661.3616684112,-2.83865933024935,-2.84029654080166,0.00440050076011107,0.0012719966008838,TRUE,FALSE,FALSE,FALSE
2600,91793.8954039369,-12961.3235664637,-2.50913155969579,-2.51021715207679,0.00410295098820599,0.000926340641386184,TRUE,FALSE,FALSE,FALSE
2621,42079.0331153414,12084.9068478706,2.33941001526296,2.34026481116947,0.00405230421768889,0.000795280197726787,TRUE,FALSE,FALSE,FALSE
2629,133624.298901582,-13624.2989015821,-2.63782300297235,-2.63910712425434,0.00436620359258178,0.00108977696420454,TRUE,FALSE,FALSE,FALSE
2644,95156.7418061735,-12515.1898915443,-2.42379999263335,-2.42476526161149,0.00495222281295701,0.00104421943218767,TRUE,FALSE,FALSE,FALSE
2655,33103.811953098,10091.8141854208,1.95479560178687,1.95524602847525,0.00528563190104947,0.00072517562664772,TRUE,FALSE,FALSE,FALSE
2660,107326.296510212,12673.7034897878,2.45398155548988,2.45498837642597,0.00453246107890078,0.000979245394500002,TRUE,FALSE,FALSE,FALSE
2666,95801.2801912354,14544.0406134022,2.81645278495686,2.81804826073225,0.004760020670213,0.00135496458458754,TRUE,FALSE,FALSE,FALSE
2681,109435.291236502,10564.7087634983,2.04553697317479,2.04606897709088,0.00445018105548764,0.000667992088941112,TRUE,FALSE,FALSE,FALSE
2684,106325.363266176,-13207.4813613066,-2.55723769073346,-2.55839505072175,0.00445607660438982,0.00104538528979232,TRUE,FALSE,FALSE,FALSE
2769,84235.0892395436,10781.0937165549,2.0878856706341,2.08845855203244,0.00488145086338111,0.000763711792287819,TRUE,FALSE,FALSE,FALSE
2775,28336.9943650839,11775.0421554138,2.28068773250237,2.28147049918634,0.00515391635109333,0.000962398844182191,TRUE,FALSE,FALSE,FALSE
2800,91303.8789856754,-10728.7789617153,-2.07732926135104,-2.07789178263544,0.00447418772363632,0.000692650772265982,TRUE,FALSE,FALSE,FALSE
2827,105765.65800739,12265.2585767444,2.37431059303272,2.37521006790823,0.00404214041810457,0.000817123050685974,TRUE,FALSE,FALSE,FALSE
2834,98989.2631292945,-10277.5983087155,-1.99040411043857,-1.99088558789594,0.00490769917825907,0.00069781300136827,TRUE,FALSE,FALSE,FALSE
2836,108699.255590491,-10532.0647946486,-2.03970037341217,-2.04022688545256,0.00492251397899905,0.000735029513030473,TRUE,FALSE,FALSE,FALSE
2880,105418.783549752,-12030.0230713425,-2.33006147618247,-2.33090454266517,0.00514275308755236,0.00100233208741099,TRUE,FALSE,FALSE,FALSE
2932,77788.4164490877,11467.9008298991,2.22045950432748,2.22117240333146,0.00449201097539914,0.000794554592122674,TRUE,FALSE,FALSE,FALSE
2949,58419.3018071057,-13766.0786899023,-2.66439908113334,-2.66572683896267,0.00371279786114847,0.00094483782825688,TRUE,FALSE,FALSE,FALSE
2959,47861.2135651152,-14396.6445976133,-2.78649507138268,-2.78803532519545,0.00374935579720956,0.00104363002914966,TRUE,FALSE,FALSE,FALSE
2980,42390.1032128841,13493.4522423169,2.611712027968,2.61295416759242,0.0037732916421104,0.000922687718240611,TRUE,FALSE,FALSE,FALSE
3021,61411.5301149575,-12808.5081554292,-2.47998834669517,-2.48103185182375,0.00445607952853269,0.000983181634473827,TRUE,FALSE,FALSE,FALSE
3022,92018.2589852166,10265.4764393139,1.98805422801373,1.98853361845275,0.00490538789944324,0.000695836814576829,TRUE,FALSE,FALSE,FALSE
3024,85386.9586544942,13030.9339887808,2.52249026875839,2.52359550217332,0.004010644278857,0.000915082847294991,TRUE,FALSE,FALSE,FALSE
3056,89685.7907352552,-11402.3909894451,-2.2075612756072,-2.20825972959514,0.00429903045438301,0.000751465582900774,TRUE,FALSE,FALSE,FALSE
3117,100538.385824571,-12297.7433308793,-2.38158959289797,-2.3824985644164,0.00487048379444825,0.000991444279135236,TRUE,FALSE,FALSE,FALSE
3161,96883.6200093177,-11249.9898893233,-2.17826634309975,-2.17893265688712,0.00449164676346278,0.000764582964103858,TRUE,FALSE,FALSE,FALSE
3182,106082.600670359,13917.3993296414,2.69380425959814,2.69518137674098,0.00379959715343356,0.000988473156556682,TRUE,FALSE,FALSE,FALSE
3197,73125.2325897224,-11263.9513080535,-2.18161083395801,-2.18228077045215,0.00507676784738994,0.000867349763034441,TRUE,FALSE,FALSE,FALSE
3217,107156.056494682,-13666.0062796302,-2.64540269999472,-2.64669917307054,0.00399331463639888,0.00100206716113513,TRUE,FALSE,FALSE,FALSE
3218,61551.2440195739,-13188.6176660196,-2.55380103978082,-2.55495317702952,0.00462427657870193,0.00108211357338862,TRUE,FALSE,FALSE,FALSE
3227,41250.9031262912,11082.4632281127,2.1458157312781,2.14644751302644,0.00447916248296596,0.00073990043123133,TRUE,FALSE,FALSE,FALSE
3229,130112.930318606,-10112.930318606,-1.95953285101813,-1.9599873380091,0.00594242577408901,0.000819783726725313,TRUE,FALSE,FALSE,FALSE
3235,105352.504129543,12676.1486052966,2.45438571976786,2.45539310454677,0.00447626365588625,0.000967367826282977,TRUE,FALSE,FALSE,FALSE
3289,132748.544396508,-12748.5443965077,-2.46855036400135,-2.46957763420617,0.00459498719212614,0.00100463992852745,TRUE,FALSE,FALSE,FALSE
3291,97892.1702605906,11604.3004421739,2.24740615411182,2.24814981749713,0.00496718424094301,0.000900488073822467,TRUE,FALSE,FALSE,FALSE
3307,57919.9847513386,-11687.3768734827,-2.26208392142593,-2.26284467839748,0.00372489550204543,0.00068327292177604,TRUE,FALSE,FALSE,FALSE
3312,75429.9616061908,-11556.3246482694,-2.23769437138491,-2.23842685524437,0.0045933557626048,0.000825226291069449,TRUE,FALSE,FALSE,FALSE
3344,86961.6858580453,10588.1276486753,2.05022611163758,2.0507625525007,0.00460048994253432,0.00069382852753409,TRUE,FALSE,FALSE,FALSE
3353,102597.572456649,-15349.232373136,-2.97191978256447,-2.97382208009422,0.00445301207855393,0.0014109390219487,TRUE,FALSE,FALSE,FALSE
3370,87146.5980860076,11575.5846766856,2.24217951583684,2.24291714978221,0.00526426981833331,0.000950195901662268,TRUE,FALSE,FALSE,FALSE
3376,132244.406317031,-12244.4063170308,-2.37083910392604,-2.37173407143789,0.00451686110890388,0.000910854398961303,TRUE,FALSE,FALSE,FALSE
3392,96234.3390318032,11794.5330301909,2.28311039624658,2.2838960575669,0.00397489469759591,0.000742935540547118,TRUE,FALSE,FALSE,FALSE
3397,107593.428318647,-10329.3605270488,-2.00109352927807,-2.00158456854881,0.00556888839816865,0.000800885729749559,TRUE,FALSE,FALSE,FALSE
3427,47972.8132438182,-10608.596129437,-2.05429057196079,-2.05483087658057,0.00469842178797977,0.000711480536227431,TRUE,FALSE,FALSE,FALSE
3449,78638.6037462873,-9871.54022958955,-1.91221203693175,-1.9126269250381,0.00537275639665822,0.000705425026466823,TRUE,FALSE,FALSE,FALSE
3470,59767.755818797,-15877.8201302821,-3.07361990657358,-3.07574190084719,0.00403508081875832,0.00136694325160075,TRUE,FALSE,FALSE,TRUE
3471,96280.6540342862,14615.0707647306,2.82928224087973,2.83090174462847,0.004108777983973,0.00117949277873808,TRUE,FALSE,FALSE,FALSE
3520,48576.6033149554,-13467.8724136831,-2.60681538661635,-2.60804975098083,0.0038148991389897,0.000929406142295144,TRUE,FALSE,FALSE,FALSE
3538,106903.352869127,11520.5619242004,2.23018561073176,2.23090952205311,0.00407206760175523,0.000726291654135372,TRUE,FALSE,FALSE,FALSE
3575,131330.674722674,-11330.6747226735,-2.19515414290054,-2.19583887193789,0.00563894255099737,0.000975945519260603,TRUE,FALSE,FALSE,FALSE
3597,106691.919555213,13256.946122086,2.56715234619282,2.56832485684544,0.00471764599489394,0.00111564056810205,TRUE,FALSE,FALSE,FALSE
3604,65882.8963836083,13017.3646069417,2.5211638331231,2.5222671064422,0.00503773885705465,0.0011494051753187,TRUE,FALSE,FALSE,FALSE
3619,29382.20092525,10869.0437989136,2.10487217430317,2.10546196622096,0.00483789437604526,0.000769229576882059,TRUE,FALSE,FALSE,FALSE
3628,109868.802879313,10131.1971206871,1.96264508942888,1.96310225566104,0.00550960419367893,0.000762158539382955,TRUE,FALSE,FALSE,FALSE
3629,130567.217342438,-10567.2173424375,-2.04679521256054,-2.04732840487717,0.0052015466574839,0.000782326696696133,TRUE,FALSE,FALSE,FALSE
3645,106920.038111894,11925.4829615547,2.30892895321129,2.30974587286967,0.00438044123937363,0.000837698132612388,TRUE,FALSE,FALSE,FALSE
3674,84551.727604804,-14201.6865902116,-2.7508789787672,-2.75235517794822,0.00528312486901496,0.00143541119062636,TRUE,FALSE,FALSE,FALSE
3729,37740.9273519119,11888.1731656956,2.30207057576042,2.3028791186971,0.00469637977672431,0.000893072799038671,TRUE,FALSE,FALSE,FALSE
3732,105269.589124327,-11097.010034042,-2.14874744278692,-2.14938229847982,0.00458583104674329,0.000759673446236933,TRUE,FALSE,FALSE,FALSE
3787,51193.1637316772,-13647.4199539983,-2.64188858512209,-2.64317932236508,0.0040564550083945,0.00101527316587326,TRUE,FALSE,FALSE,FALSE
3792,92501.5340494321,15454.4015908047,2.99397775838493,2.99592640540352,0.00557999185911884,0.00179639906173732,TRUE,FALSE,FALSE,FALSE
3794,99597.2414913327,-18730.6080469391,-3.62576394291059,-3.6293649179266,0.00398172477083118,0.00187691649045245,TRUE,FALSE,FALSE,TRUE
3861,67732.4846126121,-11506.667702121,-2.22822305217558,-2.22894473308018,0.00472195619964386,0.000841272756956778,TRUE,FALSE,FALSE,FALSE
3870,104980.060429073,10386.0187247298,2.01168123841984,2.01218185909277,0.00518464986181327,0.000753246728556568,TRUE,FALSE,FALSE,FALSE
3893,104467.629225444,-14193.4541299289,-2.74838245266652,-2.74985422646251,0.00463017803218228,0.00125490116783196,TRUE,FALSE,FALSE,FALSE
3937,72173.6573867969,-14625.6408793974,-2.83366721662516,-2.83529498530424,0.00575200013412938,0.00165906660528673,TRUE,FALSE,FALSE,FALSE
3961,72992.1923996585,-11271.009459133,-2.18264701451531,-2.18331807581487,0.00477512224711132,0.000816342206366571,TRUE,FALSE,FALSE,FALSE
4009,59154.3945087884,-11782.3536164482,-2.28070465147528,-2.28148743835151,0.00393285434687885,0.000733498639003186,TRUE,FALSE,FALSE,FALSE
4085,45469.9031046026,13602.696913443,2.63288765834965,2.63416377707083,0.00379666337498911,0.0009435408925792,TRUE,FALSE,FALSE,FALSE
4116,95639.8798743695,11047.44911947,2.13868579165707,2.13931013529654,0.0041529110451446,0.000681233360559887,TRUE,FALSE,FALSE,FALSE
4123,98442.4947125529,11426.1962237185,2.211859158617,2.21256240582694,0.00401906933617741,0.000705068614752226,TRUE,FALSE,FALSE,FALSE
4138,93776.8002293825,-11904.4143009161,-2.30419480320276,-2.30500593495094,0.00381433785012179,0.000726037788064124,TRUE,FALSE,FALSE,FALSE
4150,105839.539158014,11255.1658438547,2.17938628476528,2.18005381032574,0.0045992195734212,0.000783784304992684,TRUE,FALSE,FALSE,FALSE
4181,52844.811684691,11984.6155519795,2.32056052572957,2.32139177396972,0.00453723490205964,0.000876584956919321,TRUE,FALSE,FALSE,FALSE
4195,80064.0116435877,13224.3255246154,2.56141933556131,2.56258307047414,0.00517130973020252,0.00121802326712207,TRUE,FALSE,FALSE,FALSE
4198,103894.987967313,15170.917543429,2.93763723013445,2.93946889998523,0.00461755941292608,0.00142975232940392,TRUE,FALSE,FALSE,FALSE
4224,108846.788211621,11153.2117883792,2.15977131231439,2.16041780790889,0.00471612437433494,0.000789397572956522,TRUE,FALSE,FALSE,FALSE
4238,64873.3590587522,-11332.1367775966,-2.19369337574313,-2.19437649978772,0.00405725016588628,0.000700150218296228,TRUE,FALSE,FALSE,FALSE
4239,98227.0947918165,11939.2091796338,2.31082717149424,2.31164641902045,0.00372599648137636,0.00071324796618243,TRUE,FALSE,FALSE,FALSE
4299,88492.3958584367,14899.6863598542,2.88587008908886,2.8875983194671,0.00513693922814919,0.00153580700647253,TRUE,FALSE,FALSE,FALSE
4303,101451.946500698,12892.330276441,2.49566946684295,2.49673548860403,0.00401838754753739,0.000897463094826309,TRUE,FALSE,FALSE,FALSE
4329,49296.6782315531,-13750.3515036295,-2.66167938493619,-2.66300263486595,0.0039555378382767,0.00100480148588163,TRUE,FALSE,FALSE,FALSE
4344,29512.5025331457,11778.8874367025,2.28125353127659,2.28203697339748,0.00499779896573126,0.000933563402510028,TRUE,FALSE,FALSE,FALSE
4367,39282.8337921375,13082.8360005561,2.53319632711611,2.53431746092937,0.00452879562091456,0.00104263833343119,TRUE,FALSE,FALSE,FALSE
4410,53431.8693165993,-15962.7031599483,-3.08985137206528,-3.09200986302147,0.00390604890030142,0.00133707115835383,TRUE,FALSE,FALSE,TRUE
4432,104446.638319072,13002.1244108917,2.51745344982662,2.51855125181528,0.00443792656051323,0.00100896623735289,TRUE,FALSE,FALSE,FALSE
4456,106038.243224693,11291.907000267,2.18617625712328,2.18685115815462,0.00430381042720239,0.000737799919759553,TRUE,FALSE,FALSE,FALSE
4485,72001.1168027832,-14760.1179495671,-2.85897592332398,-2.86065191907574,0.00523323637930566,0.00153572003418088,TRUE,FALSE,FALSE,FALSE
4491,71413.8096164441,10967.4656327631,2.12419609460411,2.12480548645296,0.0050850453601116,0.000823644975097245,TRUE,FALSE,FALSE,FALSE
4530,81859.145627202,-10580.7172650728,-2.04931450179715,-2.04985007834838,0.00510877861958101,0.000770194973805725,TRUE,FALSE,FALSE,FALSE
4554,74678.285500187,-11139.7501243972,-2.15724599566274,-2.15788981347336,0.00479130418948337,0.000800167473949129,TRUE,FALSE,FALSE,FALSE
4558,60244.0601109617,-11421.9065433297,-2.21097557919158,-2.21167783935193,0.00397114576274615,0.000696071365793751,TRUE,FALSE,FALSE,FALSE
4579,91080.3493217121,11050.2003088931,2.13959922556009,2.14022451913061,0.00450738240603766,0.000740275189500677,TRUE,FALSE,FALSE,FALSE
4616,106385.774526298,-10796.3239208802,-2.0916662836781,-2.09224290312123,0.0056720965283045,0.000891334561359218,TRUE,FALSE,FALSE,FALSE
4679,131236.160225863,-11236.1602258629,-2.1761448466254,-2.17680886863542,0.00500051630372352,0.00084998166785532,TRUE,FALSE,FALSE,FALSE
4692,81293.742881195,-10950.1686597079,-2.12028131604155,-2.12088670587445,0.00455504316471619,0.000734690099560486,TRUE,FALSE,FALSE,FALSE
4701,68201.2147481999,-11953.8951015084,-2.31478118900359,-2.31560529864049,0.00468259494824163,0.000900299172878874,TRUE,FALSE,FALSE,FALSE
4720,78018.0501248457,-12186.6073411221,-2.36082017989016,-2.36170221745898,0.00550540918243155,0.00110193242805689,TRUE,FALSE,FALSE,FALSE
4794,86091.8732640874,10885.5743063608,2.1080899389505,2.1086829677363,0.00485347955737086,0.000774081014169329,TRUE,FALSE,FALSE,FALSE
4891,92688.5362600356,13383.004322817,2.59200695120428,2.59321798815909,0.00505856152302635,0.00121995499489572,TRUE,FALSE,FALSE,FALSE
4893,89003.6832007997,10811.3831234769,2.09303321621946,2.09361119081309,0.00419826001219263,0.000659615210011335,TRUE,FALSE,FALSE,FALSE
4899,97590.0205199533,-11836.6300633609,-2.29196410836881,-2.2927604042315,0.0045874065832842,0.000864612870413281,TRUE,FALSE,FALSE,FALSE
4911,59726.2529698398,-10589.4678576417,-2.05094801385815,-2.05148513976136,0.00504927021409967,0.00076239196601136,TRUE,FALSE,FALSE,FALSE
4931,78634.5961059032,-10723.0718442188,-2.07660287082045,-2.07716468340454,0.00483718962238631,0.000748596588092975,TRUE,FALSE,FALSE,FALSE
5074,132000.677142917,-12000.6771429168,-2.3233634560127,-2.32419818010995,0.00427410342206129,0.000827525720952091,TRUE,FALSE,FALSE,FALSE
5078,96915.744783824,-17242.6015410315,-3.3393501583549,-3.34212128927337,0.00495145415888056,0.00198177517355082,TRUE,FALSE,FALSE,TRUE
5079,68776.0604760715,-10018.0500897182,-1.94050093422385,-1.94093923915283,0.00527898808859256,0.00071370554546677,TRUE,FALSE,FALSE,FALSE
5082,105773.239513622,12717.9038115756,2.46194527732275,2.46296324462151,0.00405148683912207,0.000880595180964781,TRUE,FALSE,FALSE,FALSE
5108,133698.716303678,-13698.7163036775,-2.65225537430604,-2.65356307867238,0.00438444396880595,0.00110635752878725,TRUE,FALSE,FALSE,FALSE
5115,99623.0425494319,-14648.8373490503,-2.83607521265706,-2.83770753138249,0.00428870861023707,0.00123728732696772,TRUE,FALSE,FALSE,FALSE
5118,90153.8458815069,-13852.927087674,-2.68244092206047,-2.68379882983729,0.00462811046990318,0.00119486996760012,TRUE,FALSE,FALSE,FALSE
5137,68411.5798376823,10334.4263709436,2.0011039830882,2.00159503176481,0.00460364853362042,0.000661435342480597,TRUE,FALSE,FALSE,FALSE
5157,95306.6804677766,10895.4691874082,2.11110421177155,2.11170028244002,0.00588841293646547,0.000942810553778568,TRUE,FALSE,FALSE,FALSE
5170,50882.3880062909,-9813.30938513915,-1.90072384585869,-1.90112943926334,0.00515472364350338,0.000668543790995267,TRUE,FALSE,FALSE,FALSE
5171,98903.1762204681,-12890.603236131,-2.49644904206235,-2.4975161910676,0.0049069844155533,0.00109758554927633,TRUE,FALSE,FALSE,FALSE
5172,77320.560790729,-14264.8931441579,-2.76225737014681,-2.76375384565321,0.00466020047468498,0.00127586134697082,TRUE,FALSE,FALSE,FALSE
5180,69899.1392282553,-10768.5500762355,-2.08589893104138,-2.08646985394051,0.00530359720607761,0.00082853045642567,TRUE,FALSE,FALSE,FALSE
5239,50068.0927003481,-12950.3043105621,-2.50632953686363,-2.50741103742242,0.00357134242135222,0.000804088028322389,TRUE,FALSE,FALSE,FALSE
5261,86620.2107553527,-12731.1666045414,-2.46521121129049,-2.46623377188018,0.00461580352851596,0.00100648384979029,TRUE,FALSE,FALSE,FALSE
5273,129621.236256709,-9621.23625670906,-1.8639197439,-1.86429638516074,0.00557977744629958,0.00069621490328408,TRUE,FALSE,FALSE,FALSE
5283,56538.8523301023,-12018.7314190133,-2.32652617392228,-2.32736483080079,0.00398935220973975,0.000774276812967945,TRUE,FALSE,FALSE,FALSE
5389,104644.885970471,-12606.1407375656,-2.44093334933629,-2.44192207249561,0.0045600477571214,0.000974783421557816,TRUE,FALSE,FALSE,FALSE
5395,66461.0683036864,10090.2967651614,1.95422515824423,1.95467509745733,0.00500411321941122,0.00068595718649363,TRUE,FALSE,FALSE,FALSE
5398,71178.8366247495,-12578.9987305289,-2.43663285768733,-2.43761566085056,0.00534021247594538,0.00113842949165822,TRUE,FALSE,FALSE,FALSE
5442,105046.596601888,-13996.3737658388,-2.70987713076635,-2.71128171052166,0.00437803344241995,0.00115325613369755,TRUE,FALSE,FALSE,FALSE
5511,63405.3838922414,-10183.2846421515,-1.97226068670641,-1.9727261897216,0.00503057059691777,0.000702389669497143,TRUE,FALSE,FALSE,FALSE
5564,87750.5343394548,-10980.7665676727,-2.12578331848445,-2.12639433747636,0.00415915383794596,0.000674054491156915,TRUE,FALSE,FALSE,FALSE
5658,91333.7431954666,-12959.6916549589,-2.50912734634522,-2.51021293256617,0.00435037070464789,0.000982442418267306,TRUE,FALSE,FALSE,FALSE
5660,130640.871255152,-10640.871255152,-2.06037991570969,-2.06092604014804,0.00454331314177682,0.000691969395701998,TRUE,FALSE,FALSE,FALSE
5669,131049.407461716,-11049.4074617156,-2.1394192624626,-2.14004436881015,0.00448276945156207,0.000736090808057547,TRUE,FALSE,FALSE,FALSE
5711,79587.6601729539,-11282.5643372061,-2.18479269417147,-2.18546608832814,0.00469135976917554,0.000803532419258089,TRUE,FALSE,FALSE,FALSE
5744,105769.144019014,12545.4233040544,2.42865528108916,2.42962716098944,0.00413265106911497,0.000874180200178333,TRUE,FALSE,FALSE,FALSE
5783,85532.9855571194,-11853.8634019564,-2.29460520917095,-2.29540469442395,0.00398359208657587,0.000752083892000331,TRUE,FALSE,FALSE,FALSE
5799,98205.9941436044,-10899.6357008563,-2.1107765506345,-2.11137229018489,0.00481905838294864,0.00077052481110639,TRUE,FALSE,FALSE,FALSE
5828,85525.6230902952,-11902.0654776951,-2.3048554567026,-2.30566739463418,0.004778184991938,0.000910903626711424,TRUE,FALSE,FALSE,FALSE
5835,97076.9185045851,-10566.2876168951,-2.04692804850696,-2.0474613663792,0.00550567630895347,0.000828429372740092,TRUE,FALSE,FALSE,FALSE
5837,102306.827347604,11483.0642473588,2.22270997203564,2.22342540993356,0.0038778436630979,0.000686886942767835,TRUE,FALSE,FALSE,FALSE
5843,107074.963479981,-10802.7027053436,-2.09182051280416,-2.09239728505108,0.00464358404778981,0.000729063731314381,TRUE,FALSE,FALSE,FALSE
5858,108858.641135396,11141.3588646038,2.15731054269667,2.15795442886729,0.00456340840078901,0.00076197906039599,TRUE,FALSE,FALSE,FALSE
5875,129598.930716864,-9598.93071686398,-1.85936290811308,-1.85973605136109,0.00532776712434548,0.000661356359621332,TRUE,FALSE,FALSE,FALSE
5877,96848.4869167189,16508.5650936962,3.19563354617361,3.19803978930284,0.00398170310890994,0.00145799981684294,TRUE,FALSE,FALSE,TRUE
5888,108256.912132857,11743.0878671432,2.27377692862271,2.27455147424706,0.00452234406761023,0.000838821907322558,TRUE,FALSE,FALSE,FALSE
5894,131396.003352448,-11396.0033524481,-2.20670618432048,-2.20740368705423,0.00464335779110704,0.000811305505755374,TRUE,FALSE,FALSE,FALSE
5946,129547.01630878,-9547.01630877961,-1.84961465889304,-1.84998038251202,0.0056588378172266,0.00069533856219655,TRUE,FALSE,FALSE,FALSE
5986,79723.7587319598,-10513.4486058896,-2.03555379831671,-2.03607642940627,0.00439325855719524,0.000652989313073833,TRUE,FALSE,FALSE,FALSE
5991,48412.044020174,11829.416615217,2.28945930239315,2.29025258070493,0.00362366194804646,0.000680819669711673,TRUE,FALSE,FALSE,FALSE
6015,132575.285256273,-12575.2852562735,-2.43498262745124,-2.4359631648066,0.00457953996434269,0.00097420194666351,TRUE,FALSE,FALSE,FALSE
6019,102881.343682548,-17177.144643572,-3.3252855763264,-3.32801952397522,0.00412081578061005,0.00163409165030241,TRUE,FALSE,FALSE,TRUE
6025,108585.416742567,10516.879026887,2.03716010483335,2.03768423729217,0.0053139246442427,0.000791811211594497,TRUE,FALSE,FALSE,FALSE
6029,82331.773239183,-10234.763539282,-1.98239870305703,-1.98287309267756,0.00519897667218947,0.000733509298887295,TRUE,FALSE,FALSE,FALSE
6030,88289.8383907032,-11118.376891797,-2.1522138643649,-2.15285236634706,0.00396513547896514,0.000658561455234706,TRUE,FALSE,FALSE,FALSE
6038,89924.627848447,-11068.3405873994,-2.14290958045447,-2.14353832399068,0.00431963569063583,0.000711503170898909,TRUE,FALSE,FALSE,FALSE
6055,74120.3685838755,12635.1291284331,2.44666553879858,2.44766218727453,0.00465700140823991,0.00100028736247498,TRUE,FALSE,FALSE,FALSE
6075,78832.7104187341,-13101.4492770865,-2.53775053042898,-2.53887847123254,0.00527408689666355,0.00121950524478221,TRUE,FALSE,FALSE,FALSE
6143,84184.6255497046,-10628.9413471583,-2.05786762239096,-2.05841134119892,0.00434756743660392,0.000660412683033811,TRUE,FALSE,FALSE,FALSE
6149,107461.032911711,12487.8659194713,2.41860697228916,2.41956520153635,0.0050334972036732,0.00105690010637152,TRUE,FALSE,FALSE,FALSE
